{
  "axes_tested": {
    "cmb_dipole": [
      -0.07,
      -0.662,
      0.745
    ],
    "galactic": [
      0.0,
      0.0,
      1.0
    ],
    "ecliptic": [
      0.0,
      -0.398,
      0.917
    ]
  },
  "results": {
    "cmb_dipole": {
      "planck": {
        "coherence": {
          "sign_coherence": 0.625,
          "amplitude_coherence": 0.39623819459248866,
          "polar_ring_ratio": 1.6405459783918073,
          "mean_amplitude": -1.2396918280955032e-07,
          "std_amplitude": 4.7095546018670774e-07,
          "amplitudes": [
            5.987703357863367e-07,
            5.987703357863367e-07,
            -7.202104076013494e-07,
            -2.1309556748519152e-07,
            -1.6134109193799685e-07,
            -7.202104076013495e-07,
            -2.1309556748519165e-07,
            -1.6134109193799698e-07
          ]
        },
        "p_values": {
          "sign_coherence": 0.43137254901960786,
          "amplitude_coherence": 0.21568627450980393,
          "polar_ring_ratio": 0.17647058823529413
        },
        "memory_axis": [
          -0.07,
          -0.662,
          0.745
        ]
      },
      "supernova": {
        "lobe_residuals": [
          -39.391648041877865,
          0.0,
          -38.764789383752,
          -35.31719917297363,
          -34.480528051202946,
          -39.59038660526276,
          -39.24709238793022,
          -37.850073510247306
        ],
        "lobe_counts": [
          331.0,
          0.0,
          560.0,
          50.0,
          11.0,
          160.0,
          291.0,
          185.0
        ],
        "sign_coherence": 0.42857142857142855,
        "p_value": 1.0,
        "memory_axis": [
          -0.07,
          -0.662,
          0.745
        ]
      },
      "combined_p": 0.43137254901960786
    },
    "galactic": {
      "planck": {
        "coherence": {
          "sign_coherence": 0.625,
          "amplitude_coherence": 0.2265187052398537,
          "polar_ring_ratio": 0.7998556826818097,
          "mean_amplitude": -1.625146035470143e-08,
          "std_amplitude": 4.2372069129665784e-07,
          "amplitudes": [
            3.5548004658494053e-07,
            3.5548004658494053e-07,
            4.562524039308874e-07,
            -4.252161823975061e-07,
            -4.5152210953712793e-07,
            4.562524039308874e-07,
            -4.252161823975057e-07,
            -4.515221095371276e-07
          ]
        },
        "p_values": {
          "sign_coherence": 1.0,
          "amplitude_coherence": 0.0196078431372549,
          "polar_ring_ratio": 0.0196078431372549
        },
        "memory_axis": [
          0.0,
          0.0,
          1.0
        ]
      },
      "supernova": {
        "lobe_residuals": [
          -39.77427795571341,
          0.0,
          -35.151596946277834,
          -39.00388263395463,
          -37.96656992815543,
          -36.15911865234375,
          -37.239125901374265,
          -39.567210834696546
        ],
        "lobe_counts": [
          284.0,
          0.0,
          87.0,
          435.0,
          276.0,
          3.0,
          69.0,
          434.0
        ],
        "sign_coherence": 0.42857142857142855,
        "p_value": 1.0,
        "memory_axis": [
          0.0,
          0.0,
          1.0
        ]
      },
      "combined_p": 1.0
    },
    "ecliptic": {
      "planck": {
        "coherence": {
          "sign_coherence": 0.625,
          "amplitude_coherence": 0.3956876459636531,
          "polar_ring_ratio": 1.7380334432168107,
          "mean_amplitude": -1.0048057332676618e-07,
          "std_amplitude": 4.476548901772644e-07,
          "amplitudes": [
            5.855468138235574e-07,
            5.855468138235574e-07,
            1.1468334874920069e-08,
            -4.955709742969288e-07,
            -5.033664677086137e-07,
            1.146833487492012e-08,
            -4.955709742969285e-07,
            -5.033664677086134e-07
          ]
        },
        "p_values": {
          "sign_coherence": 0.47058823529411764,
          "amplitude_coherence": 0.21568627450980393,
          "polar_ring_ratio": 0.23529411764705882
        },
        "memory_axis": [
          0.0,
          -0.398,
          0.917
        ]
      },
      "supernova": {
        "lobe_residuals": [
          -39.68042903854733,
          0.0,
          -35.400317683364406,
          -39.15054551381913,
          -38.05190695589605,
          0.0,
          -38.268028748341095,
          -38.81625180153496
        ],
        "lobe_counts": [
          336.0,
          0.0,
          66.0,
          504.0,
          237.0,
          0.0,
          78.0,
          367.0
        ],
        "sign_coherence": 0.3333333333333333,
        "p_value": 1.0,
        "memory_axis": [
          0.0,
          -0.398,
          0.917
        ]
      },
      "combined_p": 0.47058823529411764
    }
  },
  "best_axis": "cmb_dipole",
  "best_p": 0.43137254901960786,
  "significant": 